run_id,run_date,shift,line_id,product_sku,planned_units,actual_units,downtime_min,downtime_reason,reject_units,filler_pressure_psi,fill_temp_c,operator_id,qa_pass
50001,2026-06-01,A,LINE-1,SPRING-1L,9559,8290,60,Filler Jam,166,38.4,3.8,OP-1001,true
50002,2026-06-01,A,LINE-2,COLA-12OZ,11078,10999,1,None,1,38.5,4.1,OP-1012,true
50003,2026-06-01,A,LINE-3,TONIC-10OZ,8236,7480,32,Capper Fault,203,39.5,4.7,OP-1019,true
50004,2026-06-01,B,LINE-1,TONIC-10OZ,9887,9843,3,None,21,38.8,4.7,OP-1005,true
50005,2026-06-01,B,LINE-2,TONIC-10OZ,11387,8459,118,Planned Maintenance,48,38.2,4.5,OP-1015,true
50006,2026-06-01,B,LINE-3,COLA-12OZ,8733,8441,1,None,21,41.5,4.7,OP-1021,true
50007,2026-06-01,C,LINE-1,LEMON-16OZ,10101,8854,35,Changeover,36,37.9,3.8,OP-1006,true
50008,2026-06-01,C,LINE-2,TONIC-10OZ,11247,10892,2,None,75,37.6,3.4,OP-1017,true
50009,2026-06-01,C,LINE-3,SPRING-1L,8477,7358,43,Changeover,34,35.3,3.9,OP-1024,true
50010,2026-06-02,A,LINE-1,SPRING-1L,10017,9527,29,Changeover,32,37.8,3.7,OP-1000,true
50011,2026-06-02,A,LINE-2,COLA-12OZ,11148,10421,23,Changeover,68,38.7,4.8,OP-1009,true
50012,2026-06-02,A,LINE-3,SPRING-1L,8954,8827,7,None,35,38.1,4.4,OP-1019,true
50013,2026-06-02,B,LINE-1,ENERGY-8OZ,9589,9137,14,Label Misfeed,17,37.1,3.9,OP-1006,true
50014,2026-06-02,B,LINE-2,ENERGY-8OZ,10975,10772,5,None,104,39.9,4.6,OP-1014,true
50015,2026-06-02,B,LINE-3,LEMON-16OZ,8282,7783,25,Changeover,51,34.0,3.6,OP-1021,true
50016,2026-06-02,C,LINE-1,COLA-12OZ,9440,9161,3,None,9,37.9,4.3,OP-1009,true
50017,2026-06-02,C,LINE-2,COLA-12OZ,11495,10550,22,Changeover,70,40.5,4.0,OP-1015,true
50018,2026-06-02,C,LINE-3,TONIC-10OZ,8874,8415,7,None,88,35.5,4.7,OP-1026,true
50019,2026-06-03,A,LINE-1,ENERGY-8OZ,9608,9428,8,None,49,38.5,4.1,OP-1003,true
50020,2026-06-03,A,LINE-2,LEMON-16OZ,11214,11148,6,None,30,37.6,3.4,OP-1009,true
50021,2026-06-03,A,LINE-3,COLA-12OZ,8764,6841,94,Planned Maintenance,70,38.2,4.4,OP-1021,true
50022,2026-06-03,B,LINE-1,COLA-12OZ,9966,9200,37,Changeover,31,38.2,4.7,OP-1006,true
50023,2026-06-03,B,LINE-2,SPRING-1L,11084,8948,87,Planned Maintenance,62,38.8,4.1,OP-1013,true
50024,2026-06-03,B,LINE-3,COLA-12OZ,8491,8203,0,None,38,38.7,4.1,OP-1024,true
50025,2026-06-03,C,LINE-1,SPRING-1L,9982,7726,93,Filler Jam,198,37.8,3.9,OP-1007,true
50026,2026-06-03,C,LINE-2,TONIC-10OZ,11404,9896,44,Changeover,63,36.9,4.1,OP-1017,true
50027,2026-06-03,C,LINE-3,TONIC-10OZ,8691,7833,31,Sensor Fault,9,38.8,4.7,OP-1025,true
50028,2026-06-04,A,LINE-1,ENERGY-8OZ,9754,8834,43,Changeover,22,38.9,4.0,OP-1002,true
50029,2026-06-04,A,LINE-2,ENERGY-8OZ,10982,10812,6,None,20,39.7,4.2,OP-1012,true
50030,2026-06-04,A,LINE-3,LEMON-16OZ,8623,8583,7,None,44,38.7,3.5,OP-1020,true
50031,2026-06-04,B,LINE-1,ENERGY-8OZ,9721,9446,4,None,20,37.9,3.9,OP-1006,true
50032,2026-06-04,B,LINE-2,ENERGY-8OZ,11312,11214,0,None,0,39.0,4.1,OP-1014,true
50033,2026-06-04,B,LINE-3,TONIC-10OZ,8715,7973,23,Changeover,5,37.5,4.1,OP-1022,true
50034,2026-06-04,C,LINE-1,ENERGY-8OZ,9980,9128,29,Changeover,44,38.8,4.4,OP-1007,true
50035,2026-06-04,C,LINE-2,COLA-12OZ,11074,9121,71,Planned Maintenance,0,39.4,4.5,OP-1017,true
50036,2026-06-05,A,LINE-1,ENERGY-8OZ,10063,9122,43,Changeover,1,38.1,3.5,OP-1002,true
50037,2026-06-05,A,LINE-3,ENERGY-8OZ,8707,8600,3,None,32,38.7,4.5,OP-1019,true
50038,2026-06-05,B,LINE-1,TONIC-10OZ,9987,9842,2,None,5,40.5,4.0,OP-1003,true
50039,2026-06-05,B,LINE-2,ENERGY-8OZ,10956,10157,29,Changeover,58,38.4,3.9,OP-1012,true
50040,2026-06-05,B,LINE-3,ENERGY-8OZ,8960,8190,36,Sensor Fault,26,38.6,4.3,OP-1021,true
50041,2026-06-05,C,LINE-1,TONIC-10OZ,9908,9184,7,None,57,40.9,3.7,OP-1008,true
50042,2026-06-05,C,LINE-2,ENERGY-8OZ,11061,10651,5,None,38,38.0,4.2,OP-1016,true
50043,2026-06-05,C,LINE-3,ENERGY-8OZ,8979,8756,1,None,49,37.3,4.1,OP-1025,true
50044,2026-06-06,A,LINE-1,ENERGY-8OZ,9995,10059,0,None,28,39.1,4.3,OP-1002,true
50045,2026-06-06,A,LINE-2,ENERGY-8OZ,10900,10607,7,None,35,37.4,4.3,OP-1011,true
50046,2026-06-06,A,LINE-3,SPRING-1L,8870,8378,30,Changeover,59,38.7,3.8,OP-1021,true
50047,2026-06-06,B,LINE-1,LEMON-16OZ,9569,8848,35,Changeover,60,38.1,4.8,OP-1006,true
50048,2026-06-06,B,LINE-2,COLA-12OZ,11309,10661,20,Label Misfeed,38,38.0,4.7,OP-1013,true
50049,2026-06-06,B,LINE-3,SPRING-1L,8715,8549,19,Label Misfeed,25,39.1,4.4,OP-1021,true
50050,2026-06-06,C,LINE-2,SPRING-1L,10889,10573,5,None,0,37.1,4.5,OP-1015,true
50051,2026-06-06,C,LINE-3,SPRING-1L,8665,8221,1,None,11,38.1,3.5,OP-1026,true
50052,2026-06-07,A,LINE-1,TONIC-10OZ,9663,9191,24,Changeover,23,37.9,4.2,OP-1001,true
50053,2026-06-07,A,LINE-3,SPRING-1L,8417,8615,2,None,25,37.4,4.7,OP-1019,true
50054,2026-06-08,A,LINE-1,TONIC-10OZ,10051,9823,7,None,40,35.7,4.6,OP-1001,true
50055,2026-06-08,A,LINE-2,ENERGY-8OZ,11082,8584,97,Planned Maintenance,39,38.5,4.0,OP-1009,true
50056,2026-06-08,A,LINE-3,TONIC-10OZ,8558,8039,38,Changeover,45,36.8,4.2,OP-1019,true
50057,2026-06-08,B,LINE-1,COLA-12OZ,9802,9673,0,None,75,37.4,4.2,OP-1006,true
50058,2026-06-08,B,LINE-2,ENERGY-8OZ,11595,11364,5,None,54,37.8,4.0,OP-1015,true
50059,2026-06-08,B,LINE-3,TONIC-10OZ,8972,8656,2,None,2,37.9,4.3,OP-1024,true
50060,2026-06-08,C,LINE-1,TONIC-10OZ,9998,9755,5,None,43,37.4,4.2,OP-1008,true
50061,2026-06-08,C,LINE-2,SPRING-1L,11076,10748,3,None,42,38.7,3.9,OP-1018,true
50062,2026-06-08,C,LINE-3,LEMON-16OZ,8494,8234,0,None,23,37.9,3.8,OP-1024,true
50063,2026-06-09,A,LINE-1,LEMON-16OZ,10038,9865,14,Label Misfeed,16,38.7,4.2,OP-1003,true
50064,2026-06-09,A,LINE-2,COLA-12OZ,11541,11432,2,None,44,38.7,4.3,OP-1009,true
50065,2026-06-09,A,LINE-3,SPRING-1L,8726,8603,1,None,60,37.5,4.3,OP-1020,true
50066,2026-06-09,B,LINE-1,COLA-12OZ,9520,8581,29,Sensor Fault,27,38.0,4.5,OP-1004,true
50067,2026-06-09,B,LINE-2,LEMON-16OZ,11105,9355,67,Sensor Fault,67,36.7,4.2,OP-1014,true
50068,2026-06-09,C,LINE-1,COLA-12OZ,9876,8449,45,Changeover,0,35.5,4.3,OP-1007,true
50069,2026-06-09,C,LINE-2,LEMON-16OZ,11348,10272,25,Label Misfeed,48,36.5,5.1,OP-1018,true
50070,2026-06-09,C,LINE-3,TONIC-10OZ,8277,7641,23,Changeover,41,38.5,4.0,OP-1027,true
50071,2026-06-10,A,LINE-1,ENERGY-8OZ,9807,9179,22,Changeover,67,38.8,4.3,OP-1002,true
50072,2026-06-10,A,LINE-2,LEMON-16OZ,11267,11188,0,None,16,38.6,4.5,OP-1009,true
50073,2026-06-10,A,LINE-3,SPRING-1L,8435,8299,8,None,30,38.9,4.0,OP-1019,true
50074,2026-06-10,B,LINE-1,TONIC-10OZ,9589,9442,3,None,65,35.8,3.7,OP-1004,true
50075,2026-06-10,B,LINE-2,ENERGY-8OZ,10943,10810,8,None,54,35.9,4.3,OP-1012,true
50076,2026-06-10,B,LINE-3,LEMON-16OZ,8702,8650,0,None,64,35.4,5.0,OP-1024,true
50077,2026-06-10,C,LINE-1,ENERGY-8OZ,10008,9513,0,None,73,39.2,4.8,OP-1008,true
50078,2026-06-10,C,LINE-2,TONIC-10OZ,11055,10678,1,None,57,37.4,3.2,OP-1018,true
50079,2026-06-10,C,LINE-3,SPRING-1L,8772,8170,25,Changeover,22,38.8,3.8,OP-1027,true
50080,2026-06-11,A,LINE-1,COLA-12OZ,9408,9462,0,None,62,38.0,4.4,OP-1000,true
50081,2026-06-11,A,LINE-2,LEMON-16OZ,10842,9384,67,Planned Maintenance,0,40.4,4.1,OP-1012,true
50082,2026-06-11,A,LINE-3,TONIC-10OZ,8283,8114,8,None,40,39.0,3.9,OP-1021,true
50083,2026-06-11,B,LINE-1,COLA-12OZ,9421,9186,1,None,48,36.7,3.9,OP-1003,true
50084,2026-06-11,B,LINE-2,ENERGY-8OZ,10802,9910,31,Capper Fault,184,38.1,3.8,OP-1015,true
50085,2026-06-11,B,LINE-3,SPRING-1L,8619,6344,115,Filler Jam,167,38.6,4.8,OP-1022,true
50086,2026-06-11,C,LINE-1,SPRING-1L,9832,9426,6,None,51,38.8,4.5,OP-1007,true
50087,2026-06-11,C,LINE-2,TONIC-10OZ,10840,10620,2,None,36,38.9,4.9,OP-1017,true
50088,2026-06-11,C,LINE-3,ENERGY-8OZ,8240,7916,3,None,63,39.9,4.3,OP-1026,true
50089,2026-06-12,A,LINE-1,LEMON-16OZ,9597,9686,8,None,54,40.7,4.4,OP-1000,true
50090,2026-06-12,A,LINE-2,TONIC-10OZ,11433,10329,52,Sensor Fault,49,39.5,4.4,OP-1011,true
50091,2026-06-12,A,LINE-3,LEMON-16OZ,8650,6719,102,Planned Maintenance,0,36.1,4.1,OP-1019,true
50092,2026-06-12,B,LINE-1,ENERGY-8OZ,10014,9217,30,Label Misfeed,75,36.9,3.4,OP-1003,true
50093,2026-06-12,B,LINE-2,LEMON-16OZ,11232,11010,13,Label Misfeed,69,38.4,5.0,OP-1013,true
50094,2026-06-12,C,LINE-1,SPRING-1L,10149,9933,4,None,36,38.5,4.0,OP-1008,true
50095,2026-06-12,C,LINE-2,COLA-12OZ,10900,10541,4,None,97,40.9,4.8,OP-1015,true
50096,2026-06-12,C,LINE-3,ENERGY-8OZ,8404,8241,0,None,20,39.0,3.7,OP-1027,true
50097,2026-06-13,A,LINE-1,LEMON-16OZ,10165,10338,3,None,14,37.6,3.8,OP-1003,true
50098,2026-06-13,A,LINE-2,ENERGY-8OZ,11319,11272,2,None,95,38.1,3.5,OP-1011,true
50099,2026-06-13,A,LINE-3,ENERGY-8OZ,8206,8088,7,None,38,38.3,4.7,OP-1018,true
50100,2026-06-13,B,LINE-1,ENERGY-8OZ,10122,9868,8,None,51,39.1,4.9,OP-1005,true
50101,2026-06-13,B,LINE-2,ENERGY-8OZ,11268,10572,22,Capper Fault,249,36.3,4.6,OP-1012,true
50102,2026-06-13,B,LINE-3,SPRING-1L,8612,7850,22,Changeover,43,37.0,3.3,OP-1022,true
50103,2026-06-13,C,LINE-1,ENERGY-8OZ,9411,8889,12,Label Misfeed,30,39.8,4.4,OP-1009,true
50104,2026-06-13,C,LINE-2,LEMON-16OZ,11317,7984,112,Planned Maintenance,77,39.2,3.9,OP-1017,true
50105,2026-06-13,C,LINE-3,SPRING-1L,8260,6233,110,Planned Maintenance,20,38.7,4.5,OP-1026,true
50106,2026-06-14,A,LINE-1,SPRING-1L,10165,9438,28,Changeover,10,40.5,4.6,OP-1000,true
50107,2026-06-14,A,LINE-2,LEMON-16OZ,10957,9384,70,Planned Maintenance,28,36.0,4.1,OP-1009,true
50108,2026-06-15,A,LINE-1,LEMON-16OZ,9810,9099,40,Capper Fault,196,38.9,4.0,OP-1002,true
50109,2026-06-15,A,LINE-2,ENERGY-8OZ,11488,11360,0,None,49,37.1,4.2,OP-1012,true
50110,2026-06-15,A,LINE-3,LEMON-16OZ,8789,8618,7,None,55,41.1,5.0,OP-1018,true
50111,2026-06-15,B,LINE-1,COLA-12OZ,10175,9917,4,None,48,40.8,3.3,OP-1004,true
50112,2026-06-15,B,LINE-2,ENERGY-8OZ,10861,9152,67,Sensor Fault,0,38.5,4.2,OP-1013,true
50113,2026-06-15,B,LINE-3,LEMON-16OZ,8918,8125,39,Capper Fault,185,37.5,4.5,OP-1023,true
50114,2026-06-15,C,LINE-1,SPRING-1L,9771,9410,7,None,0,37.8,4.7,OP-1006,true
50115,2026-06-15,C,LINE-2,COLA-12OZ,11292,10323,25,Changeover,0,36.9,4.4,OP-1017,true
50116,2026-06-15,C,LINE-3,SPRING-1L,8595,8392,4,None,117,39.7,3.5,OP-1026,true
50117,2026-06-16,A,LINE-1,SPRING-1L,9925,9105,41,Changeover,9,37.4,4.4,OP-1002,true
50118,2026-06-16,A,LINE-2,LEMON-16OZ,11208,11094,3,None,8,39.0,3.6,OP-1011,true
50119,2026-06-16,A,LINE-3,LEMON-16OZ,8226,8453,3,None,49,38.2,4.1,OP-1020,true
50120,2026-06-16,B,LINE-1,ENERGY-8OZ,9967,9332,25,Capper Fault,245,37.7,4.6,OP-1005,true
50121,2026-06-16,B,LINE-2,LEMON-16OZ,11482,10687,20,Capper Fault,281,37.6,4.1,OP-1014,true
50122,2026-06-16,B,LINE-3,SPRING-1L,8259,7905,5,None,1,35.9,4.0,OP-1022,true
50123,2026-06-16,C,LINE-1,TONIC-10OZ,9891,9227,20,Changeover,0,37.7,4.6,OP-1008,true
50124,2026-06-16,C,LINE-2,ENERGY-8OZ,11380,10979,0,None,0,38.7,4.3,OP-1018,true
50125,2026-06-16,C,LINE-3,LEMON-16OZ,8323,7491,38,Capper Fault,195,37.1,4.4,OP-1027,true
50126,2026-06-17,A,LINE-1,LEMON-16OZ,9567,9291,16,Capper Fault,199,39.1,4.1,OP-1001,true
50127,2026-06-17,A,LINE-2,COLA-12OZ,11109,10536,28,Capper Fault,255,37.7,3.7,OP-1009,true
50128,2026-06-17,A,LINE-3,LEMON-16OZ,8607,7528,62,Sensor Fault,20,38.7,4.6,OP-1021,true
50129,2026-06-17,B,LINE-1,TONIC-10OZ,9865,9467,10,Label Misfeed,34,38.1,4.3,OP-1006,true
50130,2026-06-17,B,LINE-2,ENERGY-8OZ,11127,10291,32,Changeover,5,40.0,4.1,OP-1013,true
50131,2026-06-17,B,LINE-3,ENERGY-8OZ,8699,8145,35,Capper Fault,189,37.1,4.3,OP-1022,true
50132,2026-06-17,C,LINE-1,SPRING-1L,9636,7392,91,Planned Maintenance,22,38.1,4.7,OP-1007,true
50133,2026-06-17,C,LINE-2,ENERGY-8OZ,11024,9273,58,Sensor Fault,23,37.4,4.4,OP-1017,true
50134,2026-06-17,C,LINE-3,TONIC-10OZ,8456,6960,67,Sensor Fault,29,37.9,4.0,OP-1027,true
50135,2026-06-18,A,LINE-1,SPRING-1L,10171,10074,0,None,0,37.8,4.4,OP-1000,true
50136,2026-06-18,A,LINE-2,TONIC-10OZ,10944,11074,1,None,20,38.2,4.0,OP-1012,true
50137,2026-06-18,A,LINE-3,COLA-12OZ,8780,8494,8,None,26,36.6,4.4,OP-1019,true
50138,2026-06-18,B,LINE-1,COLA-12OZ,9611,9155,0,None,18,39.0,4.3,OP-1003,true
50139,2026-06-18,B,LINE-2,SPRING-1L,10889,8170,119,Planned Maintenance,16,35.2,4.6,OP-1015,true
50140,2026-06-18,B,LINE-3,ENERGY-8OZ,8260,8415,0,None,54,37.8,4.0,OP-1023,true
50141,2026-06-18,C,LINE-1,COLA-12OZ,9525,8629,25,Capper Fault,210,37.1,3.6,OP-1008,true
50142,2026-06-18,C,LINE-2,ENERGY-8OZ,11071,10066,33,Changeover,17,39.8,4.6,OP-1016,true
50143,2026-06-18,C,LINE-3,ENERGY-8OZ,8340,8170,1,None,34,37.4,4.0,OP-1026,true
50144,2026-06-19,A,LINE-1,COLA-12OZ,9504,9561,4,None,78,36.7,4.0,OP-1003,true
50145,2026-06-19,A,LINE-2,ENERGY-8OZ,11539,11242,8,None,79,37.5,3.8,OP-1009,true
50146,2026-06-19,A,LINE-3,SPRING-1L,8236,7665,39,Capper Fault,185,39.6,4.4,OP-1018,true
50147,2026-06-19,B,LINE-1,TONIC-10OZ,10155,9401,23,Changeover,13,36.9,3.4,OP-1005,true
50148,2026-06-19,B,LINE-2,COLA-12OZ,11095,10991,4,None,0,38.8,4.1,OP-1013,true
50149,2026-06-19,B,LINE-3,SPRING-1L,8603,8682,2,None,16,37.9,4.2,OP-1023,true
50150,2026-06-19,C,LINE-1,TONIC-10OZ,9595,8973,23,Label Misfeed,82,38.0,4.1,OP-1007,true
50151,2026-06-19,C,LINE-2,TONIC-10OZ,11435,10905,8,None,60,38.6,4.3,OP-1016,true
50152,2026-06-19,C,LINE-3,LEMON-16OZ,8522,7832,25,Label Misfeed,2,38.7,4.0,OP-1026,true
50153,2026-06-20,A,LINE-1,SPRING-1L,9963,8378,72,Planned Maintenance,53,42.1,4.2,OP-1002,true
50154,2026-06-20,A,LINE-2,TONIC-10OZ,11354,10432,37,Capper Fault,259,39.4,3.7,OP-1009,true
50155,2026-06-20,A,LINE-3,COLA-12OZ,8895,8724,8,None,42,39.9,4.3,OP-1019,true
50156,2026-06-20,B,LINE-1,LEMON-16OZ,10078,8036,92,Planned Maintenance,56,37.9,4.1,OP-1004,true
50157,2026-06-20,B,LINE-2,ENERGY-8OZ,11370,10580,24,Changeover,51,38.0,4.1,OP-1013,true
50158,2026-06-20,B,LINE-3,COLA-12OZ,8757,8002,24,Changeover,32,37.7,3.8,OP-1022,true
50159,2026-06-20,C,LINE-2,COLA-12OZ,11053,10534,1,None,63,39.5,4.3,OP-1017,true
50160,2026-06-20,C,LINE-3,SPRING-1L,8492,6050,118,Planned Maintenance,34,38.6,3.8,OP-1026,true
50161,2026-06-21,A,LINE-1,ENERGY-8OZ,9462,9341,4,None,1,38.4,4.7,OP-1003,true
50162,2026-06-21,A,LINE-2,COLA-12OZ,10819,9441,63,Planned Maintenance,27,36.7,4.1,OP-1011,true
50163,2026-06-21,A,LINE-3,SPRING-1L,8796,8602,6,None,34,39.5,3.8,OP-1021,true
50164,2026-06-22,A,LINE-1,LEMON-16OZ,9634,9182,28,Changeover,86,38.2,3.9,OP-1003,true
50165,2026-06-22,A,LINE-2,SPRING-1L,11412,11425,0,None,62,38.8,3.7,OP-1012,true
50166,2026-06-22,A,LINE-3,LEMON-16OZ,8879,8974,4,None,0,36.4,4.3,OP-1021,true
50167,2026-06-22,B,LINE-1,SPRING-1L,9410,9306,0,None,7,38.3,4.5,OP-1005,true
50168,2026-06-22,B,LINE-2,COLA-12OZ,11115,10197,24,Capper Fault,249,37.1,4.5,OP-1012,true
50169,2026-06-22,B,LINE-3,LEMON-16OZ,8666,8303,5,None,60,37.7,4.1,OP-1022,true
50170,2026-06-22,C,LINE-1,LEMON-16OZ,10143,8403,75,Planned Maintenance,31,39.7,3.8,OP-1008,true
50171,2026-06-22,C,LINE-2,LEMON-16OZ,11225,10048,24,Label Misfeed,31,36.9,4.3,OP-1016,true
50172,2026-06-22,C,LINE-3,ENERGY-8OZ,8547,8083,8,None,38,37.0,4.7,OP-1026,true
50173,2026-06-23,A,LINE-1,TONIC-10OZ,10123,9711,25,Sensor Fault,62,36.7,3.8,OP-1000,true
50174,2026-06-23,A,LINE-2,SPRING-1L,10962,10272,33,Changeover,10,37.1,4.4,OP-1012,true
50175,2026-06-23,A,LINE-3,ENERGY-8OZ,8461,7603,45,Filler Jam,156,36.1,4.5,OP-1020,true
50176,2026-06-23,B,LINE-1,ENERGY-8OZ,9736,9485,1,None,17,36.5,4.3,OP-1005,true
50177,2026-06-23,B,LINE-2,TONIC-10OZ,10882,10380,7,None,67,36.6,4.4,OP-1015,true
50178,2026-06-23,B,LINE-3,ENERGY-8OZ,8940,7229,84,Planned Maintenance,18,36.8,3.6,OP-1023,true
50179,2026-06-23,C,LINE-1,COLA-12OZ,10109,9901,0,None,82,41.1,5.1,OP-1008,true
50180,2026-06-23,C,LINE-2,COLA-12OZ,10829,9991,29,Changeover,45,37.2,3.8,OP-1015,true
50181,2026-06-23,C,LINE-3,LEMON-16OZ,8228,7880,4,None,32,39.7,3.8,OP-1027,true
50182,2026-06-24,A,LINE-1,COLA-12OZ,9664,9402,10,Label Misfeed,12,38.5,3.5,OP-1003,true
50183,2026-06-24,A,LINE-2,COLA-12OZ,11352,11372,0,None,51,39.5,3.6,OP-1011,true
50184,2026-06-24,A,LINE-3,SPRING-1L,8786,8223,34,Capper Fault,189,36.2,4.4,OP-1019,true
50185,2026-06-24,B,LINE-1,LEMON-16OZ,9422,8882,17,Label Misfeed,41,38.0,4.1,OP-1004,true
50186,2026-06-24,B,LINE-2,LEMON-16OZ,11117,10824,1,None,6,39.1,3.7,OP-1015,true
50187,2026-06-24,B,LINE-3,COLA-12OZ,8838,8746,2,None,34,38.8,3.6,OP-1023,true
50188,2026-06-24,C,LINE-1,COLA-12OZ,10147,8175,78,Filler Jam,203,37.9,4.2,OP-1009,true
50189,2026-06-24,C,LINE-2,TONIC-10OZ,11582,10677,24,Changeover,78,36.9,3.8,OP-1018,true
50190,2026-06-24,C,LINE-3,ENERGY-8OZ,8206,7642,34,Changeover,14,38.3,4.2,OP-1025,true
50191,2026-06-25,A,LINE-1,LEMON-16OZ,9411,9358,6,None,20,39.0,4.5,OP-1001,true
50192,2026-06-25,A,LINE-2,COLA-12OZ,10912,10476,14,Label Misfeed,60,38.7,4.6,OP-1009,true
50193,2026-06-25,A,LINE-3,LEMON-16OZ,8627,8129,31,Changeover,14,38.5,3.9,OP-1020,true
50194,2026-06-25,B,LINE-1,TONIC-10OZ,9806,8764,42,Changeover,23,39.9,4.0,OP-1003,true
50195,2026-06-25,B,LINE-2,TONIC-10OZ,10851,10595,7,None,23,37.7,4.1,OP-1012,true
50196,2026-06-25,B,LINE-3,COLA-12OZ,8879,8625,5,None,41,39.7,4.0,OP-1022,true
50197,2026-06-25,C,LINE-1,SPRING-1L,9667,9370,4,None,76,36.6,4.9,OP-1008,true
50198,2026-06-25,C,LINE-3,LEMON-16OZ,8516,7841,1,None,17,39.0,5.2,OP-1024,true
50199,2026-06-26,A,LINE-1,TONIC-10OZ,10169,10320,0,None,120,36.5,4.1,OP-1003,true
50200,2026-06-26,A,LINE-2,LEMON-16OZ,11360,8932,92,Filler Jam,287,39.6,4.2,OP-1010,false
50201,2026-06-26,A,LINE-3,ENERGY-8OZ,8367,8501,7,None,21,39.3,4.3,OP-1019,true
50202,2026-06-26,B,LINE-1,LEMON-16OZ,10112,9892,6,None,60,36.4,3.8,OP-1004,true
50203,2026-06-26,B,LINE-2,TONIC-10OZ,11435,11146,12,Label Misfeed,11,38.3,4.1,OP-1014,true
50204,2026-06-26,B,LINE-3,SPRING-1L,8644,8038,32,Changeover,79,39.1,4.7,OP-1021,true
50205,2026-06-26,C,LINE-1,COLA-12OZ,9894,9364,5,None,19,38.5,4.0,OP-1008,true
50206,2026-06-26,C,LINE-2,COLA-12OZ,10903,9879,26,Capper Fault,259,39.5,3.5,OP-1018,true
50207,2026-06-26,C,LINE-3,ENERGY-8OZ,8235,7907,5,None,0,37.3,3.7,OP-1024,true
50208,2026-06-27,A,LINE-1,TONIC-10OZ,10004,9479,27,Changeover,71,36.7,4.5,OP-1001,true
50209,2026-06-27,A,LINE-2,LEMON-16OZ,11492,11236,8,None,39,36.7,3.8,OP-1010,true
50210,2026-06-27,A,LINE-3,TONIC-10OZ,8773,7992,42,Changeover,23,37.7,4.7,OP-1021,true
50211,2026-06-27,B,LINE-1,LEMON-16OZ,9839,9592,4,None,0,38.1,4.4,OP-1004,true
50212,2026-06-27,B,LINE-2,COLA-12OZ,11222,10805,8,None,15,40.6,4.2,OP-1013,true
50213,2026-06-27,B,LINE-3,TONIC-10OZ,8368,7573,40,Sensor Fault,16,35.9,4.1,OP-1024,true
50214,2026-06-27,C,LINE-1,ENERGY-8OZ,10022,9577,8,None,22,37.0,4.4,OP-1008,true
50215,2026-06-27,C,LINE-2,SPRING-1L,11471,10897,7,None,21,37.1,4.1,OP-1018,true
50216,2026-06-27,C,LINE-3,SPRING-1L,8365,7542,33,Changeover,11,37.9,3.7,OP-1024,true
50217,2026-06-28,A,LINE-1,TONIC-10OZ,9402,8596,46,Sensor Fault,12,36.2,4.2,OP-1002,true
50218,2026-06-28,A,LINE-2,LEMON-16OZ,10851,10556,6,None,20,37.2,4.3,OP-1010,true
50219,2026-06-28,A,LINE-3,LEMON-16OZ,8399,8138,7,None,28,36.7,3.9,OP-1018,true
50220,2026-06-29,A,LINE-1,TONIC-10OZ,9774,9260,25,Sensor Fault,41,39.3,4.3,OP-1003,true
50221,2026-06-29,A,LINE-2,ENERGY-8OZ,11030,10290,32,Sensor Fault,0,36.9,4.4,OP-1011,true
50222,2026-06-29,A,LINE-3,TONIC-10OZ,8262,8347,5,None,87,39.3,3.9,OP-1020,true
50223,2026-06-29,B,LINE-1,SPRING-1L,9947,9697,1,None,66,37.6,4.3,OP-1005,true
50224,2026-06-29,B,LINE-2,TONIC-10OZ,11150,11040,3,None,4,40.2,4.4,OP-1012,true
50225,2026-06-29,B,LINE-3,TONIC-10OZ,8834,8684,1,None,33,37.2,3.5,OP-1022,true
50226,2026-06-29,C,LINE-1,ENERGY-8OZ,9479,6746,118,Planned Maintenance,52,37.5,4.6,OP-1007,true
50227,2026-06-29,C,LINE-3,COLA-12OZ,8250,8183,5,None,52,36.4,4.4,OP-1026,true
50228,2026-06-30,A,LINE-1,ENERGY-8OZ,9517,9171,7,None,12,38.6,4.3,OP-1003,true
50229,2026-06-30,A,LINE-2,ENERGY-8OZ,10949,10556,16,Capper Fault,189,36.7,3.8,OP-1011,true
50230,2026-06-30,A,LINE-3,ENERGY-8OZ,8917,8926,6,None,73,41.9,4.0,OP-1018,true
50231,2026-06-30,B,LINE-1,ENERGY-8OZ,9826,7841,87,Planned Maintenance,88,38.5,4.2,OP-1003,true
50232,2026-06-30,B,LINE-2,LEMON-16OZ,11285,11136,1,None,0,39.9,3.9,OP-1014,true
50233,2026-06-30,B,LINE-3,ENERGY-8OZ,8495,6320,116,Planned Maintenance,34,36.7,4.2,OP-1023,true
50234,2026-06-30,C,LINE-1,SPRING-1L,9691,8758,20,Label Misfeed,21,37.2,4.0,OP-1008,true
50235,2026-06-30,C,LINE-2,COLA-12OZ,10973,10268,8,None,56,39.4,4.4,OP-1016,true
50236,2026-06-30,C,LINE-3,COLA-12OZ,8996,8640,7,None,36,38.2,4.8,OP-1024,true
50237,2026-07-01,A,LINE-1,SPRING-1L,10009,9854,7,None,89,35.6,4.2,OP-1001,true
50238,2026-07-01,A,LINE-2,TONIC-10OZ,11085,10414,31,Changeover,48,38.7,4.4,OP-1011,true
50239,2026-07-01,A,LINE-3,SPRING-1L,8799,8836,3,None,3,39.6,4.6,OP-1018,true
50240,2026-07-01,B,LINE-1,TONIC-10OZ,10134,9947,5,None,47,38.4,4.3,OP-1003,true
50241,2026-07-01,B,LINE-2,COLA-12OZ,10825,9973,28,Label Misfeed,14,38.6,4.0,OP-1013,true
50242,2026-07-01,B,LINE-3,ENERGY-8OZ,8870,8636,6,None,43,36.4,4.3,OP-1024,true
50243,2026-07-01,C,LINE-1,TONIC-10OZ,9701,9088,0,None,61,39.9,4.1,OP-1006,true
50244,2026-07-01,C,LINE-2,SPRING-1L,11517,11095,0,None,69,36.4,4.2,OP-1016,true
50245,2026-07-01,C,LINE-3,TONIC-10OZ,8555,8235,1,None,33,35.8,4.6,OP-1024,true
50246,2026-07-02,A,LINE-1,ENERGY-8OZ,9847,9319,25,Changeover,23,34.7,4.0,OP-1003,true
50247,2026-07-02,A,LINE-2,SPRING-1L,11015,10374,28,Changeover,30,36.2,4.1,OP-1012,true
50248,2026-07-02,A,LINE-3,COLA-12OZ,8771,8547,5,None,63,40.0,4.6,OP-1019,true
50249,2026-07-02,B,LINE-1,SPRING-1L,9464,8073,67,Sensor Fault,29,38.2,4.6,OP-1003,true
50250,2026-07-02,B,LINE-2,LEMON-16OZ,11437,11168,2,None,13,38.5,3.9,OP-1012,true
50251,2026-07-02,B,LINE-3,SPRING-1L,8740,8328,8,None,29,38.1,4.4,OP-1021,true
50252,2026-07-02,C,LINE-1,TONIC-10OZ,10151,9275,23,Changeover,40,36.0,4.1,OP-1006,true
50253,2026-07-02,C,LINE-3,LEMON-16OZ,8940,7948,33,Changeover,12,39.1,4.5,OP-1024,true
50254,2026-07-03,A,LINE-1,ENERGY-8OZ,9436,9486,4,None,48,39.9,3.4,OP-1002,true
50255,2026-07-03,A,LINE-2,ENERGY-8OZ,11157,10984,8,None,44,39.0,3.7,OP-1011,true
50256,2026-07-03,A,LINE-3,LEMON-16OZ,8374,8454,5,None,81,34.4,4.4,OP-1020,true
50257,2026-07-03,B,LINE-1,ENERGY-8OZ,9695,9349,8,None,35,35.9,4.7,OP-1004,true
50258,2026-07-03,B,LINE-2,ENERGY-8OZ,11023,10935,1,None,3,37.4,4.6,OP-1013,true
50259,2026-07-03,B,LINE-3,ENERGY-8OZ,8561,8503,0,None,67,38.1,4.2,OP-1023,true
50260,2026-07-03,C,LINE-2,SPRING-1L,11228,10878,1,None,66,37.7,3.9,OP-1015,true
50261,2026-07-03,C,LINE-3,ENERGY-8OZ,8385,5507,135,Planned Maintenance,0,39.9,3.9,OP-1027,true
50262,2026-07-04,A,LINE-1,TONIC-10OZ,10089,9307,31,Capper Fault,257,37.4,4.7,OP-1002,true
50263,2026-07-04,A,LINE-2,ENERGY-8OZ,11194,9640,64,Planned Maintenance,24,37.4,4.6,OP-1009,true
50264,2026-07-04,A,LINE-3,SPRING-1L,8958,7833,65,Planned Maintenance,47,37.4,4.4,OP-1018,true
50265,2026-07-04,B,LINE-1,LEMON-16OZ,9632,8947,28,Changeover,39,39.3,4.3,OP-1004,true
50266,2026-07-04,B,LINE-2,ENERGY-8OZ,11481,10677,31,Changeover,82,37.3,4.0,OP-1013,true
50267,2026-07-04,B,LINE-3,SPRING-1L,8756,8041,37,Sensor Fault,24,36.8,3.8,OP-1021,true
50268,2026-07-04,C,LINE-1,TONIC-10OZ,9473,8888,15,Capper Fault,261,37.0,4.4,OP-1007,true
50269,2026-07-04,C,LINE-2,LEMON-16OZ,10949,10221,8,None,65,38.1,4.7,OP-1016,true
50270,2026-07-04,C,LINE-3,COLA-12OZ,8640,7867,22,Label Misfeed,42,39.9,3.9,OP-1025,true
50271,2026-07-05,A,LINE-1,SPRING-1L,9555,9282,25,Label Misfeed,25,36.6,3.8,OP-1002,true
50272,2026-07-05,A,LINE-2,COLA-12OZ,11010,10721,5,None,0,34.5,4.6,OP-1012,true
50273,2026-07-05,A,LINE-3,LEMON-16OZ,8543,7990,30,Label Misfeed,0,37.0,3.9,OP-1018,true
50274,2026-07-06,A,LINE-1,LEMON-16OZ,9583,9259,18,Label Misfeed,84,38.3,4.3,OP-1001,true
50275,2026-07-06,A,LINE-2,LEMON-16OZ,11406,10706,20,Changeover,87,38.4,4.6,OP-1011,true
50276,2026-07-06,A,LINE-3,COLA-12OZ,8200,6754,91,Planned Maintenance,5,35.6,4.4,OP-1020,true
50277,2026-07-06,B,LINE-1,ENERGY-8OZ,9497,9390,7,None,0,38.4,4.2,OP-1006,true
50278,2026-07-06,B,LINE-2,TONIC-10OZ,11390,10206,37,Capper Fault,195,37.6,4.3,OP-1012,true
50279,2026-07-06,B,LINE-3,TONIC-10OZ,8705,8518,6,None,56,38.1,3.9,OP-1022,true
50280,2026-07-06,C,LINE-1,SPRING-1L,9459,8376,39,Changeover,41,38.4,3.7,OP-1007,true
50281,2026-07-06,C,LINE-2,SPRING-1L,11547,10283,31,Changeover,43,35.4,3.8,OP-1018,true
50282,2026-07-06,C,LINE-3,TONIC-10OZ,8319,8018,6,None,30,35.9,4.2,OP-1026,true
50283,2026-07-07,A,LINE-1,ENERGY-8OZ,10000,9946,3,None,58,38.8,3.8,OP-1001,true
50284,2026-07-07,A,LINE-2,COLA-12OZ,11115,8599,109,Planned Maintenance,62,38.7,4.8,OP-1012,true
50285,2026-07-07,A,LINE-3,LEMON-16OZ,8971,8791,3,None,36,37.3,4.9,OP-1018,true
50286,2026-07-07,B,LINE-1,TONIC-10OZ,9657,8821,30,Sensor Fault,70,38.2,4.4,OP-1005,true
50287,2026-07-07,B,LINE-2,ENERGY-8OZ,11294,10024,45,Changeover,99,35.9,4.7,OP-1013,true
50288,2026-07-07,B,LINE-3,ENERGY-8OZ,8914,7607,65,Planned Maintenance,45,36.6,4.5,OP-1021,true
50289,2026-07-07,C,LINE-1,TONIC-10OZ,9814,8907,27,Changeover,24,37.2,4.6,OP-1006,true
50290,2026-07-07,C,LINE-2,COLA-12OZ,11211,10657,7,None,37,40.0,4.3,OP-1015,true
50291,2026-07-07,C,LINE-3,LEMON-16OZ,8775,7982,25,Changeover,61,39.6,4.2,OP-1024,true
50292,2026-07-08,A,LINE-2,ENERGY-8OZ,10886,8332,107,Planned Maintenance,30,37.6,4.4,OP-1010,true
50293,2026-07-08,A,LINE-3,TONIC-10OZ,8527,8592,5,None,0,37.3,4.3,OP-1021,true
50294,2026-07-08,B,LINE-1,ENERGY-8OZ,9907,9538,6,None,107,37.4,3.8,OP-1006,true
50295,2026-07-08,B,LINE-2,COLA-12OZ,11448,11162,5,None,0,38.9,3.6,OP-1013,true
50296,2026-07-08,B,LINE-3,LEMON-16OZ,8430,8147,7,None,0,38.1,4.7,OP-1021,true
50297,2026-07-08,C,LINE-1,COLA-12OZ,10158,9828,0,None,51,38.0,4.0,OP-1006,true
50298,2026-07-08,C,LINE-2,COLA-12OZ,11503,10135,39,Changeover,21,38.9,5.0,OP-1018,true
50299,2026-07-09,A,LINE-1,LEMON-16OZ,10149,9648,17,Capper Fault,247,38.1,4.3,OP-1001,true
50300,2026-07-09,A,LINE-2,LEMON-16OZ,11394,11283,2,None,56,38.5,3.9,OP-1012,true
50301,2026-07-09,A,LINE-3,LEMON-16OZ,8478,7832,34,Changeover,61,39.8,4.2,OP-1019,true
50302,2026-07-09,B,LINE-1,TONIC-10OZ,9472,7389,91,Planned Maintenance,0,39.4,3.9,OP-1004,true
50303,2026-07-09,B,LINE-2,SPRING-1L,11410,10505,28,Label Misfeed,78,38.7,3.8,OP-1013,true
50304,2026-07-09,B,LINE-3,LEMON-16OZ,8457,6834,81,Filler Jam,177,37.1,4.7,OP-1023,true
50305,2026-07-09,C,LINE-1,ENERGY-8OZ,9571,9229,2,None,91,40.1,4.1,OP-1006,true
50306,2026-07-09,C,LINE-2,COLA-12OZ,11587,11057,5,None,59,36.9,3.7,OP-1015,true
50307,2026-07-09,C,LINE-3,COLA-12OZ,8204,7739,2,None,21,36.8,4.7,OP-1026,true
50308,2026-07-10,A,LINE-1,SPRING-1L,9928,8126,82,Planned Maintenance,24,37.6,4.3,OP-1002,true
50309,2026-07-10,A,LINE-2,COLA-12OZ,10828,9304,63,Sensor Fault,28,37.9,3.8,OP-1011,true
50310,2026-07-10,A,LINE-3,ENERGY-8OZ,8879,7392,69,Sensor Fault,34,39.8,3.8,OP-1018,true
50311,2026-07-10,B,LINE-1,SPRING-1L,9666,9620,2,None,54,37.9,4.3,OP-1003,true
50312,2026-07-10,B,LINE-2,SPRING-1L,11508,10555,32,Changeover,46,37.4,4.1,OP-1014,true
50313,2026-07-10,B,LINE-3,COLA-12OZ,8653,8499,2,None,59,36.7,4.0,OP-1023,true
50314,2026-07-10,C,LINE-1,SPRING-1L,9687,8760,43,Changeover,76,37.5,4.6,OP-1006,true
50315,2026-07-10,C,LINE-2,SPRING-1L,10942,8195,99,Filler Jam,171,38.5,4.0,OP-1018,true
50316,2026-07-10,C,LINE-3,ENERGY-8OZ,8828,7421,65,Sensor Fault,35,39.1,4.3,OP-1025,true
50317,2026-07-11,A,LINE-2,LEMON-16OZ,11069,10964,1,None,72,39.0,4.5,OP-1010,true
50318,2026-07-11,A,LINE-3,TONIC-10OZ,8891,8070,37,Changeover,40,38.9,4.0,OP-1020,true
50319,2026-07-11,B,LINE-1,LEMON-16OZ,9816,9743,0,None,0,36.6,3.7,OP-1005,true
50320,2026-07-11,B,LINE-2,SPRING-1L,11494,11106,6,None,0,39.3,3.7,OP-1013,true
50321,2026-07-11,B,LINE-3,TONIC-10OZ,8220,7478,43,Changeover,40,37.8,4.1,OP-1024,true
50322,2026-07-11,C,LINE-1,LEMON-16OZ,10189,9808,3,None,4,37.5,4.3,OP-1009,true
50323,2026-07-11,C,LINE-2,SPRING-1L,11173,10579,6,None,0,40.1,4.6,OP-1016,true
50324,2026-07-11,C,LINE-3,COLA-12OZ,8869,8460,8,None,1,38.3,3.9,OP-1027,true
50325,2026-07-12,A,LINE-1,ENERGY-8OZ,10012,9316,31,Capper Fault,205,37.3,3.7,OP-1002,true
50326,2026-07-12,A,LINE-2,ENERGY-8OZ,11371,11550,1,None,39,38.9,4.8,OP-1011,true
50327,2026-07-12,A,LINE-3,SPRING-1L,8581,7548,57,Sensor Fault,50,35.8,3.4,OP-1021,true
50328,2026-07-13,A,LINE-1,ENERGY-8OZ,10155,9801,23,Changeover,0,38.0,3.9,OP-1000,true
50329,2026-07-13,A,LINE-2,TONIC-10OZ,10926,10563,12,Label Misfeed,0,37.3,3.8,OP-1011,true
50330,2026-07-13,B,LINE-1,ENERGY-8OZ,9588,9308,3,None,0,37.6,4.3,OP-1003,true
50331,2026-07-13,B,LINE-3,COLA-12OZ,8813,8602,6,None,44,36.4,4.5,OP-1024,true
50332,2026-07-13,C,LINE-1,LEMON-16OZ,9480,9107,7,None,12,38.2,4.6,OP-1009,true
50333,2026-07-13,C,LINE-2,SPRING-1L,11496,10744,6,None,0,34.9,3.9,OP-1016,true
50334,2026-07-13,C,LINE-3,TONIC-10OZ,8719,8358,3,None,11,37.8,4.2,OP-1027,true
50335,2026-07-14,A,LINE-1,COLA-12OZ,9440,9458,4,None,14,39.2,4.1,OP-1000,true
50336,2026-07-14,A,LINE-2,LEMON-16OZ,10885,10308,30,Changeover,69,36.0,4.8,OP-1009,true
50337,2026-07-14,A,LINE-3,TONIC-10OZ,8206,7092,52,Sensor Fault,77,37.5,4.8,OP-1018,true
50338,2026-07-14,B,LINE-1,ENERGY-8OZ,9559,8865,43,Changeover,0,38.7,4.0,OP-1003,true
50339,2026-07-14,B,LINE-2,TONIC-10OZ,11511,10549,28,Label Misfeed,104,37.4,4.1,OP-1015,true
50340,2026-07-14,C,LINE-1,SPRING-1L,9950,9685,6,None,33,41.6,4.8,OP-1007,true
50341,2026-07-14,C,LINE-2,LEMON-16OZ,11167,9595,43,Changeover,78,37.9,4.0,OP-1015,true
50342,2026-07-14,C,LINE-3,SPRING-1L,8726,8446,8,None,20,38.9,4.4,OP-1026,true
50343,2026-07-15,A,LINE-1,TONIC-10OZ,10131,9602,18,Capper Fault,246,37.9,3.6,OP-1002,true
50344,2026-07-15,A,LINE-2,TONIC-10OZ,11050,10607,7,None,30,38.1,4.2,OP-1011,true
50345,2026-07-15,A,LINE-3,COLA-12OZ,8569,6734,110,Planned Maintenance,7,38.6,4.2,OP-1018,true
50346,2026-07-15,B,LINE-1,COLA-12OZ,10032,9878,1,None,43,36.9,4.2,OP-1006,true
50347,2026-07-15,B,LINE-2,SPRING-1L,11024,10231,21,Changeover,14,38.0,3.3,OP-1013,true
50348,2026-07-15,B,LINE-3,ENERGY-8OZ,8992,8115,40,Changeover,0,39.2,4.1,OP-1022,true
50349,2026-07-15,C,LINE-1,LEMON-16OZ,9439,7194,96,Planned Maintenance,4,38.6,4.3,OP-1008,true
50350,2026-07-15,C,LINE-2,COLA-12OZ,11244,10071,32,Sensor Fault,34,36.7,4.5,OP-1017,true
50351,2026-07-15,C,LINE-3,COLA-12OZ,8957,8197,26,Label Misfeed,29,38.0,3.7,OP-1024,true
50352,2026-07-16,A,LINE-1,TONIC-10OZ,9534,9092,29,Changeover,63,36.8,3.6,OP-1001,true
50353,2026-07-16,A,LINE-2,ENERGY-8OZ,11568,11542,2,None,14,40.0,3.7,OP-1010,true
50354,2026-07-16,A,LINE-3,TONIC-10OZ,8442,8129,32,Changeover,52,37.3,4.6,OP-1019,true
50355,2026-07-16,B,LINE-1,TONIC-10OZ,10072,9880,2,None,30,35.7,4.4,OP-1004,true
50356,2026-07-16,B,LINE-2,ENERGY-8OZ,11287,10187,31,Changeover,35,37.3,4.4,OP-1014,true
50357,2026-07-16,B,LINE-3,ENERGY-8OZ,8518,7557,47,Sensor Fault,22,37.6,3.6,OP-1022,true
50358,2026-07-16,C,LINE-1,SPRING-1L,9522,7209,108,Filler Jam,185,38.4,3.8,OP-1006,true
50359,2026-07-16,C,LINE-2,TONIC-10OZ,11323,10578,17,Label Misfeed,38,39.6,4.1,OP-1018,true
50360,2026-07-16,C,LINE-3,SPRING-1L,8680,7910,25,Changeover,19,39.0,3.7,OP-1027,true
50361,2026-07-17,A,LINE-1,LEMON-16OZ,9431,9207,18,Label Misfeed,27,38.4,3.8,OP-1003,true
50362,2026-07-17,A,LINE-2,LEMON-16OZ,11117,10991,0,None,51,40.0,4.3,OP-1010,true
50363,2026-07-17,A,LINE-3,ENERGY-8OZ,8521,8471,5,None,66,37.2,4.5,OP-1018,true
50364,2026-07-17,B,LINE-1,SPRING-1L,9860,9506,22,Changeover,35,38.2,4.5,OP-1004,true
50365,2026-07-17,B,LINE-2,ENERGY-8OZ,11475,8630,109,Planned Maintenance,64,36.2,4.1,OP-1012,true
50366,2026-07-17,B,LINE-3,TONIC-10OZ,8905,8904,0,None,48,37.5,4.4,OP-1022,true
50367,2026-07-17,C,LINE-1,SPRING-1L,9988,7754,95,Planned Maintenance,59,40.0,4.7,OP-1007,true
50368,2026-07-17,C,LINE-2,SPRING-1L,11344,10095,33,Capper Fault,219,40.1,3.6,OP-1016,true
50369,2026-07-17,C,LINE-3,ENERGY-8OZ,8491,6001,136,Planned Maintenance,24,37.8,4.1,OP-1025,true
50370,2026-07-18,A,LINE-1,LEMON-16OZ,9815,8989,44,Changeover,26,36.7,4.4,OP-1001,true
50371,2026-07-18,A,LINE-2,ENERGY-8OZ,10987,10022,37,Sensor Fault,88,37.7,4.1,OP-1010,true
50372,2026-07-18,A,LINE-3,SPRING-1L,8662,7925,35,Changeover,4,38.2,4.4,OP-1020,true
50373,2026-07-18,B,LINE-1,COLA-12OZ,9645,8908,28,Label Misfeed,0,35.0,3.7,OP-1003,true
50374,2026-07-18,B,LINE-2,LEMON-16OZ,11123,10318,23,Changeover,38,34.6,4.2,OP-1012,true
50375,2026-07-18,B,LINE-3,SPRING-1L,8832,7774,44,Sensor Fault,0,38.6,4.4,OP-1021,true
50376,2026-07-18,C,LINE-1,COLA-12OZ,9770,9361,7,None,24,37.5,4.0,OP-1007,true
50377,2026-07-18,C,LINE-2,ENERGY-8OZ,11587,11110,5,None,2,36.1,4.6,OP-1017,true
50378,2026-07-18,C,LINE-3,COLA-12OZ,8967,8599,5,None,35,37.9,4.0,OP-1024,true
50379,2026-07-19,A,LINE-1,ENERGY-8OZ,9809,9618,0,None,5,38.9,4.2,OP-1003,true
50380,2026-07-19,A,LINE-2,ENERGY-8OZ,11307,11287,0,None,81,37.7,4.5,OP-1010,true
50381,2026-07-19,A,LINE-3,LEMON-16OZ,8670,8673,5,None,25,37.6,3.6,OP-1020,true
50382,2026-07-20,A,LINE-1,TONIC-10OZ,10154,10047,5,None,37,38.0,3.8,OP-1001,true
50383,2026-07-20,A,LINE-2,SPRING-1L,10862,9952,35,Sensor Fault,29,36.8,4.6,OP-1012,true
50384,2026-07-20,A,LINE-3,LEMON-16OZ,8539,7964,30,Label Misfeed,37,35.2,3.7,OP-1018,true
50385,2026-07-20,B,LINE-1,TONIC-10OZ,9513,8417,44,Changeover,5,37.7,4.4,OP-1005,true
50386,2026-07-20,B,LINE-3,ENERGY-8OZ,8923,8222,33,Capper Fault,172,36.8,3.2,OP-1022,true
50387,2026-07-20,C,LINE-1,COLA-12OZ,10000,9571,2,None,66,38.1,4.5,OP-1007,true
50388,2026-07-20,C,LINE-2,TONIC-10OZ,11476,9834,30,Sensor Fault,199,30.8,4.3,OP-1015,true
50389,2026-07-20,C,LINE-3,COLA-12OZ,8756,8241,6,None,28,37.5,4.6,OP-1025,true
50390,2026-07-21,A,LINE-1,COLA-12OZ,9978,9757,7,None,25,37.4,4.7,OP-1002,true
50391,2026-07-21,A,LINE-2,TONIC-10OZ,11021,10048,37,Changeover,12,38.1,3.8,OP-1012,true
50392,2026-07-21,A,LINE-3,LEMON-16OZ,8697,8232,22,Label Misfeed,66,36.6,5.3,OP-1018,true
50393,2026-07-21,B,LINE-1,SPRING-1L,9548,9145,5,None,40,36.5,4.0,OP-1005,true
50394,2026-07-21,B,LINE-2,ENERGY-8OZ,11413,10331,29,Changeover,75,36.5,4.5,OP-1013,true
50395,2026-07-21,B,LINE-3,SPRING-1L,8478,6167,134,Planned Maintenance,58,39.0,4.5,OP-1023,true
50396,2026-07-21,C,LINE-1,ENERGY-8OZ,9497,9223,1,None,0,34.9,3.7,OP-1006,true
50397,2026-07-21,C,LINE-2,SPRING-1L,11103,10375,8,None,244,32.1,3.5,OP-1015,true
50398,2026-07-21,C,LINE-3,LEMON-16OZ,8282,7788,8,None,0,37.6,4.5,OP-1025,true
50399,2026-07-22,A,LINE-1,LEMON-16OZ,9754,9813,4,None,25,35.4,4.7,OP-1000,true
50400,2026-07-22,A,LINE-2,TONIC-10OZ,10898,7668,138,Planned Maintenance,25,38.5,3.8,OP-1012,true
50401,2026-07-22,A,LINE-3,SPRING-1L,8894,8898,1,None,36,37.0,4.3,OP-1021,true
50402,2026-07-22,B,LINE-1,TONIC-10OZ,9893,9587,10,Label Misfeed,89,37.4,4.1,OP-1006,true
50403,2026-07-22,B,LINE-2,LEMON-16OZ,11041,10910,5,None,0,37.6,4.4,OP-1013,true
50404,2026-07-22,B,LINE-3,TONIC-10OZ,8659,8563,0,None,0,38.0,4.0,OP-1021,true
50405,2026-07-22,C,LINE-1,TONIC-10OZ,10146,9726,3,None,58,37.4,4.5,OP-1007,true
50406,2026-07-22,C,LINE-2,ENERGY-8OZ,11357,9159,55,Filler Jam,376,30.9,3.7,OP-1015,false
50407,2026-07-22,C,LINE-3,SPRING-1L,8908,8379,6,None,39,37.7,4.6,OP-1026,true
50408,2026-07-23,A,LINE-1,COLA-12OZ,10072,9240,43,Changeover,1,34.7,4.8,OP-1000,true
50409,2026-07-23,A,LINE-2,ENERGY-8OZ,11140,11266,0,None,57,37.7,3.9,OP-1009,true
50410,2026-07-23,A,LINE-3,SPRING-1L,8287,7945,6,None,24,37.8,4.0,OP-1019,true
50411,2026-07-23,B,LINE-2,LEMON-16OZ,11545,11102,5,None,64,37.8,3.8,OP-1013,true
50412,2026-07-23,B,LINE-3,TONIC-10OZ,8822,8478,6,None,0,38.3,3.6,OP-1021,true
50413,2026-07-23,C,LINE-1,ENERGY-8OZ,9425,9203,3,None,81,39.0,4.1,OP-1006,true
50414,2026-07-23,C,LINE-2,SPRING-1L,11492,7811,106,Filler Jam,293,29.4,4.1,OP-1017,false
50415,2026-07-23,C,LINE-3,SPRING-1L,8471,7666,30,Label Misfeed,37,37.8,4.5,OP-1027,true
50416,2026-07-24,A,LINE-1,TONIC-10OZ,9618,9622,0,None,12,38.1,3.7,OP-1001,true
50417,2026-07-24,A,LINE-2,COLA-12OZ,11494,9804,68,Planned Maintenance,67,38.7,4.0,OP-1012,true
50418,2026-07-24,A,LINE-3,LEMON-16OZ,8271,8238,7,None,11,38.9,3.5,OP-1019,true
50419,2026-07-24,B,LINE-1,COLA-12OZ,10143,9860,5,None,37,40.1,4.7,OP-1005,true
50420,2026-07-24,B,LINE-2,TONIC-10OZ,10867,10617,2,None,52,39.0,4.1,OP-1015,true
50421,2026-07-24,B,LINE-3,LEMON-16OZ,8734,6940,88,Planned Maintenance,3,37.6,4.2,OP-1021,true
50422,2026-07-24,C,LINE-1,ENERGY-8OZ,10079,9521,4,None,10,39.3,4.0,OP-1009,true
50423,2026-07-24,C,LINE-2,COLA-12OZ,10828,9583,20,Changeover,177,30.8,4.0,OP-1018,true
50424,2026-07-24,C,LINE-3,LEMON-16OZ,8278,7852,7,None,16,37.8,4.1,OP-1025,true
50425,2026-07-25,A,LINE-1,TONIC-10OZ,10094,10085,2,None,0,38.4,3.9,OP-1001,true
50426,2026-07-25,A,LINE-2,TONIC-10OZ,11006,10802,1,None,78,36.4,4.3,OP-1009,true
50427,2026-07-25,B,LINE-1,TONIC-10OZ,9419,8794,31,Changeover,44,35.9,4.3,OP-1003,true
50428,2026-07-25,B,LINE-2,SPRING-1L,10837,10488,7,None,33,37.2,4.1,OP-1014,true
50429,2026-07-25,B,LINE-3,COLA-12OZ,8457,8215,5,None,69,36.9,3.8,OP-1023,true
50430,2026-07-25,C,LINE-1,ENERGY-8OZ,10172,9086,25,Label Misfeed,66,37.6,4.9,OP-1006,true
50431,2026-07-25,C,LINE-2,ENERGY-8OZ,11435,9337,48,Filler Jam,361,30.1,4.2,OP-1015,false
50432,2026-07-25,C,LINE-3,SPRING-1L,8305,7953,6,None,50,40.6,4.9,OP-1025,true
50433,2026-07-26,A,LINE-1,COLA-12OZ,9626,9508,1,None,44,40.6,4.5,OP-1003,true
50434,2026-07-26,A,LINE-2,TONIC-10OZ,11394,10533,32,Capper Fault,268,37.6,4.4,OP-1009,true
50435,2026-07-26,A,LINE-3,SPRING-1L,8232,8150,7,None,0,36.8,4.8,OP-1020,true
50436,2026-07-27,A,LINE-1,TONIC-10OZ,9796,8532,62,Planned Maintenance,12,39.3,4.5,OP-1003,true
50437,2026-07-27,A,LINE-2,SPRING-1L,11227,11203,0,None,47,38.6,3.2,OP-1011,true
50438,2026-07-27,B,LINE-1,ENERGY-8OZ,9590,7895,85,Planned Maintenance,29,39.3,4.0,OP-1003,true
50439,2026-07-27,B,LINE-2,SPRING-1L,10812,10292,3,None,79,39.8,4.2,OP-1015,true
50440,2026-07-27,B,LINE-3,LEMON-16OZ,8810,8672,1,None,27,39.0,3.9,OP-1024,true
50441,2026-07-27,C,LINE-1,COLA-12OZ,9923,8536,43,Changeover,0,39.0,4.0,OP-1006,true
50442,2026-07-27,C,LINE-2,COLA-12OZ,11397,8913,70,Filler Jam,277,30.9,4.5,OP-1018,false
50443,2026-07-27,C,LINE-3,LEMON-16OZ,8388,7281,50,Sensor Fault,37,36.7,4.2,OP-1024,true
50444,2026-07-28,A,LINE-1,COLA-12OZ,9758,9677,7,None,74,38.0,4.2,OP-1002,true
50445,2026-07-28,A,LINE-2,ENERGY-8OZ,11504,11342,7,None,39,37.1,4.7,OP-1009,true
50446,2026-07-28,A,LINE-3,ENERGY-8OZ,8670,7863,38,Changeover,56,36.6,3.8,OP-1019,true
50447,2026-07-28,B,LINE-1,LEMON-16OZ,10176,9332,23,Label Misfeed,15,36.7,3.6,OP-1005,true
50448,2026-07-28,B,LINE-2,SPRING-1L,11175,11027,0,None,33,37.5,4.1,OP-1012,true
50449,2026-07-28,B,LINE-3,ENERGY-8OZ,8404,8199,2,None,31,37.3,4.6,OP-1023,true
50450,2026-07-28,C,LINE-1,ENERGY-8OZ,9944,9479,3,None,68,35.8,4.5,OP-1008,true
50451,2026-07-28,C,LINE-2,TONIC-10OZ,11546,10761,2,None,164,32.4,4.2,OP-1018,true
50452,2026-07-29,A,LINE-1,COLA-12OZ,9604,9402,4,None,0,36.2,4.2,OP-1000,true
50453,2026-07-29,A,LINE-2,SPRING-1L,11054,10026,38,Changeover,0,38.3,4.9,OP-1009,true
50454,2026-07-29,A,LINE-3,COLA-12OZ,8301,8098,4,None,65,38.9,4.0,OP-1019,true
50455,2026-07-29,B,LINE-1,SPRING-1L,10038,9724,5,None,0,38.9,4.0,OP-1005,true
50456,2026-07-29,B,LINE-2,COLA-12OZ,11305,10442,35,Changeover,52,38.2,3.7,OP-1015,true
50457,2026-07-29,B,LINE-3,ENERGY-8OZ,8996,8771,11,Label Misfeed,35,36.1,4.3,OP-1022,true
50458,2026-07-29,C,LINE-1,SPRING-1L,9846,8868,22,Changeover,21,37.3,4.3,OP-1008,true
50459,2026-07-29,C,LINE-2,TONIC-10OZ,11238,8634,91,Filler Jam,191,34.0,3.9,OP-1018,true
50460,2026-07-29,C,LINE-3,ENERGY-8OZ,8666,8152,4,None,61,38.5,4.1,OP-1026,true
50461,2026-07-30,A,LINE-1,LEMON-16OZ,9554,9426,0,None,35,37.3,4.3,OP-1000,true
50462,2026-07-30,A,LINE-2,TONIC-10OZ,11091,11175,0,None,50,37.4,3.8,OP-1010,true
50463,2026-07-30,A,LINE-3,SPRING-1L,8543,8370,8,None,57,39.0,4.3,OP-1020,true
50464,2026-07-30,B,LINE-2,COLA-12OZ,11006,10872,1,None,116,38.6,3.7,OP-1015,true
50465,2026-07-30,B,LINE-3,COLA-12OZ,8831,8115,41,Changeover,51,37.5,4.2,OP-1023,true
50466,2026-07-30,C,LINE-1,TONIC-10OZ,9718,7317,113,Planned Maintenance,0,38.4,3.6,OP-1008,true
50467,2026-07-30,C,LINE-2,TONIC-10OZ,10895,9430,38,Sensor Fault,226,32.0,4.7,OP-1015,true
50468,2026-07-30,C,LINE-3,LEMON-16OZ,8743,8414,5,None,69,39.3,3.6,OP-1026,true
50469,2026-07-31,A,LINE-1,LEMON-16OZ,9642,9578,1,None,16,37.3,4.1,OP-1002,true
50470,2026-07-31,A,LINE-2,COLA-12OZ,11591,11534,7,None,58,37.9,3.9,OP-1011,true
50471,2026-07-31,A,LINE-3,COLA-12OZ,8260,7486,30,Capper Fault,177,39.0,4.5,OP-1020,true
50472,2026-07-31,B,LINE-1,TONIC-10OZ,9451,9355,7,None,0,38.0,4.2,OP-1006,true
50473,2026-07-31,B,LINE-2,SPRING-1L,10913,10557,7,None,54,39.0,3.9,OP-1013,true
50474,2026-07-31,B,LINE-3,TONIC-10OZ,8215,8078,5,None,0,37.6,4.2,OP-1024,true
50475,2026-07-31,C,LINE-1,SPRING-1L,9702,9397,0,None,58,40.4,3.5,OP-1007,true
50476,2026-07-31,C,LINE-2,LEMON-16OZ,11021,9181,52,Sensor Fault,167,30.5,4.4,OP-1016,true
50477,2026-08-01,A,LINE-1,ENERGY-8OZ,10186,10200,3,None,2,40.0,4.8,OP-1003,true
50478,2026-08-01,A,LINE-2,COLA-12OZ,11424,10872,24,Changeover,28,36.1,4.2,OP-1010,true
50479,2026-08-01,A,LINE-3,TONIC-10OZ,8262,8283,8,None,40,37.3,4.5,OP-1021,true
50480,2026-08-01,B,LINE-2,SPRING-1L,11161,10484,19,Label Misfeed,15,35.8,3.7,OP-1015,true
50481,2026-08-01,B,LINE-3,LEMON-16OZ,8301,7836,19,Label Misfeed,10,38.9,4.4,OP-1023,true
50482,2026-08-01,C,LINE-1,TONIC-10OZ,9531,8890,6,None,76,40.4,3.7,OP-1009,true
50483,2026-08-01,C,LINE-2,LEMON-16OZ,11307,8239,111,Filler Jam,359,32.5,3.6,OP-1018,false
50484,2026-08-01,C,LINE-3,LEMON-16OZ,8386,6400,99,Planned Maintenance,11,38.8,4.4,OP-1027,true
